ID,prefLabel_en,related,broader,atlLabel_en,definition_en,BM Definition,Wikidata label,Wikidata URI,BM URI,Field of Numismatics 1,Field of Numismatics 2,Field of Numismatics 3
abraxas,Abraxas,Abrasax,,,Gnostic deity.,,Abrasax,https://www.wikidata.org/wiki/Q24260627,,,,
abundantia,Abundantia,,,,,"Personification of Abundance, or Plenty; usually a female figure with a cornucopia, and, especially in Roman imagery, a rudder.",,http://www.wikidata.org/entity/Q336003,http://collection.britishmuseum.org/id/person-institution/64218,http://nomisma.org/id/roman_numismatics,,
achaea_personification,Achaea,,,,,Personification of the province of Achaea.,,,http://collection.britishmuseum.org/id/person-institution/176463,http://nomisma.org/id/roman_numismatics,,
aegyptos_personification,Aegyptos,,,,,,,,,,,
aeneas,Aeneas,,,,,"Son of Venus (q.v.) and Anchises (q.v.), father of Ascanius (q.v.); lover of Dido (q.v.); Prince of Troy and founder of Rome. At the request of Venus he was immortalised and became worshipped as the god Indiges.",,http://www.wikidata.org/entity/Q82732,http://collection.britishmuseum.org/id/person-institution/56894,http://nomisma.org/id/greek_numismatics,http://nomisma.org/id/roman_numismatics,
aequitas,Aequitas,dikaiosyne,,,,Roman personification of fair-dealing. The Greek equivalent Dikaiosyne (justice or righteousness) is sometimes represented in the same manner.,,http://www.wikidata.org/entity/Q381061,http://collection.britishmuseum.org/id/person-institution/85985,http://nomisma.org/id/greek_numismatics,http://nomisma.org/id/roman_numismatics,
aeternitas,Aeternitas,,,,,,Aeternitas,http://www.wikidata.org/entity/Q381914,,,,
africa_personification,Africa,,,,,,Africa,http://www.wikidata.org/entity/Q2826147,,,,
agathodaemon,Agathodaemon,agathos daemon,,,A spirit associated with the vineyards and grape fields in Greek religion; a companion of Tyche and a good spirit.,,Agathodaimon,https://www.wikidata.org/wiki/Q391415,,,,
alamannia_personification,Alamannia,,,,,,,,,,,
alexandria,Alexandria,,,,,,,,,,,
amalthea,Amalthea,,,,,,Amalthea,http://www.wikidata.org/entity/Q107785,,,,
amphinomus,Amphinomus,,,,,"Young man from Catana (or Catania), Sicily; he and his brother Anapias (q.v.) saved their parents by carrying them away during an eruption of mount Aetna; both of the young men have been used as symbols of pietas and appear on Roman coins struck c.40 BC and featuring the portrait of Pompey the Great (q.v.) and on coins struck by the Republican moneyer M. Herennius (q.v.).",,http://www.wikidata.org/entity/Q2718734,http://collection.britishmuseum.org/id/person-institution/142515,http://nomisma.org/id/roman_numismatics,,
anapias,Anapias,,,,,"Young man from Catana (or Catania), Sicily; he and his brother Amphinomus (q.v.) saved their parents by carrying them away during an eruption of mount Aetna; both of the young men have been used as symbols of pietas and appear on Roman coins struck c.40 BC and featuring the portrait of Pompey the Great (q.v.) and on coins struck by the Republican moneyer M. Herennius (q.v.).",,http://www.wikidata.org/entity/Q37941885,http://collection.britishmuseum.org/id/person-institution/142516,http://nomisma.org/id/roman_numismatics,,
anchises,Anchises,,,,,"Lover of Venus/Aphrodite (q.v.), who bore him a son, Aeneas (q.v.); carried by the latter when fleeing Troy.",,http://www.wikidata.org/entity/Q211953,http://collection.britishmuseum.org/id/person-institution/56951,http://nomisma.org/id/greek_numismatics,http://nomisma.org/id/roman_numismatics,
ancus_marcius,Ancus Marcius,,,,,,Ancus Marcius,http://www.wikidata.org/entity/Q206741,,,,
annona,Annona,,,,,,Annona,http://www.wikidata.org/entity/Q581656,,,,
antinous_divus,Antinous Divus,antinoös,,,"(27 November, c. 111 – before 30 October 130). A Bithynian Greek youth and a favourite of the Roman emperor Hadrian. He died in mysterious circumstances on the Nile in Egypt and was worshipped as a god or hero after his death.",,Antinous,https://www.wikidata.org/wiki/Q171876,,,,
antoninus,Antoninus,,,,,,,,,,,
antoninus_pius_divus,Antoninus Pius Divus,,,,,,,,,,,
anubis,Anubis,,,,,,Anubis,http://www.wikidata.org/entity/Q47534,,http://nomisma.org/id/greek_numismatics,http://numismatics.org/id/egyptian_numismatics,
aphrodite,Aphrodite,venus,,,,"One of the twelve Olympian gods; goddess of love and fertility; mother of Eros/Cupid (q.v.), Anteros (q.v.) and Hermaphroditos (q.v.). Also used for the personification of the planet Venus.",,http://www.wikidata.org/entity/Q35500,http://collection.britishmuseum.org/id/person-institution/56979,http://nomisma.org/id/greek_numismatics,http://nomisma.org/id/roman_numismatics,
apis,Apis,hapis,,,"A sacred bull worshipped in Memphis in Egypt, son of Hathor. The deity was transformed into Serapis for Greek religion under Ptolemaic rule.",,Apis,https://www.wikidata.org/wiki/Q208150,,,,
apollo,Apollo,,,,,"One of the twelve Olympian gods; son of Zeus/Jupiter (q.v.) and Leto/Latona (q.v.); brother of Artemis/Diana (q.v.); a major deity representing, in opposition to Dionysos/Bacchus (q.v.), the rational and civilized aspects of human nature; patron of the arts and leader of the Muses (q.v.); later, manifested as Phoebus (q.v.), he became identified with the sun-god Helios/Sol (q.v.).",,http://www.wikidata.org/entity/Q37340,http://collection.britishmuseum.org/id/person-institution/56988,http://nomisma.org/id/greek_numismatics,http://nomisma.org/id/roman_numismatics,
apollo_citharodeus,Apollo Citharodeus,,apollo,,,,,,,,,
apollo_didymeus,Apollo Didymeus,,apollo,,,,,,,,,
arabia_personification,Arabia,,,,,,,,,,,
ares,Ares,mars,,,,"One of the twelve Olympian gods; god of war; son of Zeus/Jupiter (q.v.) and Hera/Juno (q.v.); lover of Aphrodite/Venus (q.v.); brother of Bellona (q.v.); father of Romulus (q.v.) and Remus (q.v.). Includes the specific manifestation as triumphant, Mars Ultor. Also used for the personification of the planet Mars.",,http://www.wikidata.org/entity/Q40901,http://collection.britishmuseum.org/id/person-institution/59284,http://nomisma.org/id/greek_numismatics,http://nomisma.org/id/roman_numismatics,
argos,Argos,,,,,Dog of Odyseus/Ulysses (q.v.).,,http://www.wikidata.org/entity/Q519334,http://collection.britishmuseum.org/id/person-institution/132168,http://nomisma.org/id/greek_numismatics,http://nomisma.org/id/roman_numismatics,
ariadne,Ariadne,,,,,Daughter of king Minos (q.v.) of Crete; abandoned lover of Theseus (q.v); she was rescued by Dionysos/Bacchus (q.v.) on Naxos,,http://www.wikidata.org/entity/Q184874,http://collection.britishmuseum.org/id/person-institution/57016,http://nomisma.org/id/greek_numismatics,http://nomisma.org/id/roman_numismatics,
arles_personification,Arles,,,,,,,,,,,
armenia,Armenia,,,,,,,,,,,
artemis,Artemis,diana,,,,"One of the twelve Olympian gods; daughter of Zeus/Jupiter (q.v.) and Leto/Latona (q.v.); twin sister of Apollo (q.v.); a virgin huntress; symbol of chastity and protector of wildlife, also associated with helping women at childbirth; she later became identified with the moon-goddess, Selene/Luna (q.v.) and is sometimes associated with the goddess of the Underworld, Hecate (q.v.).",,http://www.wikidata.org/entity/Q39503,http://collection.britishmuseum.org/id/person-institution/57039,http://nomisma.org/id/greek_numismatics,http://nomisma.org/id/roman_numismatics,
ascanius,Ascanius,,,Julus,"Ascanius is a legendary king of Alba Longa and is the son of the Trojan hero Aeneas and either Creusa, daughter of Priam, or Lavinia, daughter of Latinus. According to Virgil, Ascanius was also called Iulus or Julus. The Gens Julia, or the Julians, the clan to which Julius Caesar belonged, claimed to have been descended from Ascanius/Iulus, his father Aeneas, and, ultimately, the goddess Venus, the mother of Aeneas in myth, his father being the mortal Anchises.","Son of Aeneas (q.v.) and Creusa (q.v.); fled to Latium with his father after the fall of Troy. However, according to another tradition, he was the son of Aeneas and Lavinia and was born in Latium. Founder of the city of Alba Longa. Sometimes called Iulus or Julus, which links him to the Julian family, who claimed to have descended from him and thus, by extent, from Venus.",,http://www.wikidata.org/entity/Q12649338,http://collection.britishmuseum.org/id/person-institution/57048,http://nomisma.org/id/greek_numismatics,http://nomisma.org/id/roman_numismatics,
asclepius,Asclepius,Aesculapius,,,,God of medicine and healing; son of Apollo (q.v.).,,http://www.wikidata.org/entity/Q83223,http://collection.britishmuseum.org/id/person-institution/57049,http://nomisma.org/id/greek_numismatics,http://nomisma.org/id/roman_numismatics,
asia_personification,Asia,,,,,,,,,,,
athena,Athena,minerva,,,,"One of the twelve Olympian gods; goddess of wisdom and just causes; patron of many civilizing arts, domestic crafts and the city of Athens; daughter of Zeus/Jupiter (q.v.), she emerged fully armed from her father's head. Pallas was a daughter of Triton and friend of Athena/Minerva (q.v.), with whom she sparred; one day Zeus/Jupiter (q.v.) intervened, standing in front of Athena with the aegid; Pallas, struck with fear, was not able to parry Athena's blow and was killed. In sorrow, Athena took the name of Pallas-Athena, carved a wooden statue of her friend (the Palladium) and placed it alongside Zeus. Athena is sometimes therefore referred to as Pallas in later depictions but these depications are in fact usually of Athena (i.e. a female figure with Corinthian helmet and shield).",,http://www.wikidata.org/entity/Q37122,http://collection.britishmuseum.org/id/person-institution/57060,http://nomisma.org/id/greek_numismatics,http://nomisma.org/id/roman_numismatics,
attis,Attis,,,,Consort of Cybele in Phrygian and Greek mythology. A god of vegetation.,,Attis,https://www.wikidata.org/wiki/Q262016,,,,
aurora,Aurora,,,,,,Aurora,http://www.wikidata.org/entity/Q178831,,,,
bacchus,Bacchus,dionysos,,,,,,http://www.wikidata.org/entity/Q645312,http://collection.britishmuseum.org/id/person-institution/57949,http://nomisma.org/id/roman_numismatics,,
bellerophon,Bellerophon,,,,"Greek mythological hero, born in Corinth, who captured Pegasus and slayed the Chimera.",,Bellerophon,https://www.wikidata.org/wiki/Q189872,,,,
bithynia,Bithynia,,,,,,,,,,,
bona_mens,Bona Mens,,,,,,Mens,http://www.wikidata.org/entity/Q1133048,,,,
bonus_eventus,Bonus Eventus,,,,,Personification of good outcomes of all human activities and especially of harvests.,,http://www.wikidata.org/entity/Q781780,http://collection.britishmuseum.org/id/person-institution/57291,http://nomisma.org/id/roman_numismatics,,
britannia_personification,Britannia,,,,,,Britannia,http://www.wikidata.org/entity/Q138396,,,,
cabirus,Cabirus,,,,,,,,,,,
cappadocia,Cappadocia,,,,,,,,,,,
caritas,Caritas,,,,,,,,,,,
carthage,Carthage,,,,,,,,,,,
castor,Castor,,dioscuri,,,,,,,,,
centaur,Centaur,,,,,,centaur,http://www.wikidata.org/entity/Q83203,,,,
cerberus,Cerberus,,,,,Three-headed dog; guardian of the entrance to the underworld.,,http://www.wikidata.org/entity/Q83496,http://collection.britishmuseum.org/id/person-institution/57603,http://nomisma.org/id/greek_numismatics,http://nomisma.org/id/roman_numismatics,
ceres,Ceres,demeter,,,,,,http://www.wikidata.org/entity/Q32102,http://collection.britishmuseum.org/id/person-institution/57930,http://nomisma.org/id/roman_numismatics,,
cilicia,Cilicia,,,,,,,,,,,
clementia,Clementia,,,,,,Clementia,http://www.wikidata.org/entity/Q1100314,,,,
colapis,Colapis,,,,,,,,,,,
concordia,Concordia,,,,,"Personification of unanimity, oneness of mind, or an agreement between members of the Roman state. The Greek equivalent is Homonoia. Worshipped as a goddess by the Romans.",,http://www.wikidata.org/entity/Q746321,http://collection.britishmuseum.org/id/person-institution/57638,http://nomisma.org/id/greek_numismatics,http://nomisma.org/id/roman_numismatics,
constantia,Constantia,,,,,,,,,,,
constantinopolis,Constantinopolis,,,,,,,,,,,
constantius_ii,Constantius II,,,,,,,,,,,
cupid,Cupid,eros,,,,,,http://www.wikidata.org/entity/Q5011,http://collection.britishmuseum.org/id/person-institution/57655,http://nomisma.org/id/roman_numismatics,,
cybele,Cybele,,,,,"Mother-goddess, sometimes associated with Demeter/Ceres (q.v.), responsible for the total welfare of her followers; lover of Attis (q.v.).",,http://www.wikidata.org/entity/Q188236,http://collection.britishmuseum.org/id/person-institution/57657,http://nomisma.org/id/greek_numismatics,http://nomisma.org/id/roman_numismatics,
dacia,Dacia,,,,,,,,,,,
danuvius,Danuvius,,,,,,Данувий,http://www.wikidata.org/entity/Q836016,,,,
dea_caelestis,Dea Caelestis,,,,,Deity worshipped in Carthage in the Roman period.,,,http://collection.britishmuseum.org/id/person-institution/188733,http://nomisma.org/id/roman_numismatics,,
demeter,Demeter,ceres,,,,"One of the twelve Olympian gods; goddess of fertility and agriculture, particularly associated with corn; her daughter, Persephone/Proserpine (q.v.) was abducted by Hades/Pluto (q.v.).",,http://www.wikidata.org/entity/Q40730,http://collection.britishmuseum.org/id/person-institution/57930,http://nomisma.org/id/greek_numismatics,http://nomisma.org/id/roman_numismatics,
diana,Diana,artemis,,,,,,http://www.wikidata.org/entity/Q132543,http://collection.britishmuseum.org/id/person-institution/57039,http://nomisma.org/id/roman_numismatics,,
diana_ephesia,Diana Ephesia,,diana,,,,,,,,,
diana_lucifera,Diana Lucifera,,diana,,,,,,,,,
diana_of_perge,Diana of Perge,,diana,,,,,,,,,
dionysos,Dionysos,bacchus,,,,"One of the twelve Olympian gods; god of fertility, celebration, ritual and especially wine and intoxication; often associated with theatre; the 'twice born' son of Zeus/Jupiter (q.v.) and Semele (q.v.), his riotous nature is often directly contrasted with the sobriety and reason of Apollo (q.v.). Sometimes depicted with Ariadne (q.v.).",,http://www.wikidata.org/entity/Q41680,http://collection.britishmuseum.org/id/person-institution/57949,http://nomisma.org/id/greek_numismatics,http://nomisma.org/id/roman_numismatics,
dioscuri,Dioscuri,dioskouroi,,,,,Castor and Pollux,http://www.wikidata.org/entity/Q190103,http://collection.britishmuseum.org/id/person-institution/57951,http://nomisma.org/id/roman_numismatics,,
dioskouroi,Dioskouroi,dioscuri,,,,"The twin gods Castor and Pollux; gods friendly to men and often saviours in times of crisis. Sons of Leda (q.v.) and Zeus/Jupiter (q.v.); brothers of Helen (q.v.) and Clytemnestra (q.v.); they abducted Phoebe (q.v.) and Hilaeria (q.v.), the daughters of Leucippus (q.v.).",Castor and Pollux,http://www.wikidata.org/entity/Q190103,http://collection.britishmuseum.org/id/person-institution/57951,http://nomisma.org/id/greek_numismatics,http://nomisma.org/id/roman_numismatics,
equitas,Equitas,,,,,,Aequitas,http://www.wikidata.org/entity/Q381061,,,,
eros,Eros,cupid,,,,God of love; son of Aphrodite/Venus (q.v.); brother of Anteros (q.v.); lover of Psyche (q.v.).,,http://www.wikidata.org/entity/Q121973,http://collection.britishmuseum.org/id/person-institution/57655,http://nomisma.org/id/greek_numismatics,http://nomisma.org/id/roman_numismatics,
euphrates,Euphrates,,,,,,,,,,,
euphratides,Euphratides,,,,,,,,,,,
europa,Europa,,,,Mother of King Minos of Crete. According to Cretan myth was abducted by Zeus in the form of a bull.,,Europa,https://www.wikidata.org/wiki/Q165170,,,,
euterpe,Euterpe,,,,,One of the nine Muses (q.v.); particularly associated with music and lyric poetry.,,http://www.wikidata.org/entity/Q104012,http://collection.britishmuseum.org/id/person-institution/69204,http://nomisma.org/id/greek_numismatics,http://nomisma.org/id/roman_numismatics,
euthenia,Euthenia,,,,Greek female spirit of prosprity.,,Euthenia,https://www.wikidata.org/wiki/Q3314298,,,,
fates,Fates,,,,,,,http://www.wikidata.org/entity/Q2234275,,,,
faunus,Faunus,pan,,,,,,http://www.wikidata.org/entity/Q3089703,http://collection.britishmuseum.org/id/person-institution/59726,http://nomisma.org/id/roman_numismatics,,
faustina_ii_diva,Faustina II Diva,,,,,,,,,,,
fecunditas,Fecunditas,,,,,"Roman personification, particularly used to represent the fertility of the imperial marriage.",,http://www.wikidata.org/entity/Q5439882,http://collection.britishmuseum.org/id/person-institution/187735,http://nomisma.org/id/roman_numismatics,,
felicitas,Felicitas,,,,,"Goddess of happiness and good fortune, widely depicted on Roman coins as a personification of prosperity and success.",,http://www.wikidata.org/entity/Q1403069,http://collection.britishmuseum.org/id/person-institution/58247,http://nomisma.org/id/roman_numismatics,,
feronia,Feronia,,,,,"Goddess, perhaps responsible for converting the savage forces of nature for human use.",,http://www.wikidata.org/entity/Q1407528,http://collection.britishmuseum.org/id/person-institution/58248,http://nomisma.org/id/roman_numismatics,,
fertilitas,Fertilitas,,,,,,Ubertas,http://www.wikidata.org/entity/Q1365338,,,,
fides,Fides,,,,,Fides is the Roman personification of good faith and loyalty depicted as a woman wearing a long chiton and peplos. See also Graces and one of the Theological Virtues.,,http://www.wikidata.org/entity/Q605139,http://collection.britishmuseum.org/id/person-institution/69305,http://nomisma.org/id/roman_numismatics,,
fides_militum,Fides Militum,,,,,,,,,,,
flora,Flora,,,,,"Roman goddess of flowering or blossoming plants, mainly cereals. [Grk Chloris; married to Zephyr (q.v.).]",,http://www.wikidata.org/entity/Q209644,http://collection.britishmuseum.org/id/person-institution/69649,http://nomisma.org/id/greek_numismatics,http://nomisma.org/id/roman_numismatics,
fortuna,Fortuna,tyche,,,,,,http://www.wikidata.org/entity/Q4654,http://collection.britishmuseum.org/id/person-institution/58260,http://nomisma.org/id/roman_numismatics,,
fortuna_felix,Fortuna Felix,,fortuna,,,,,,,,,
fortuna_victrix,Fortuna Victrix,,fortuna,,,,,,,,,
four_seasons,Four Seasons,,,,,,,,,,,
francia,Francia,,,,,,,,,,,
gaius_numonius_vala,Gaius Numonius Vala,,,,,,,,,,,
gallia,Gallia,,,,,,Gallia,http://www.wikidata.org/entity/Q5519034,,,,
gaul,Gaul,,,,,,,,,,,
genius,Genius,,,,,"Roman deity and the personification or spirit of a person, place, institution or concept. Also widely used in modern iconography.",,http://www.wikidata.org/entity/Q654361,http://collection.britishmuseum.org/id/person-institution/58396,http://nomisma.org/id/roman_numismatics,,
genius_of_lugdunum,Genius of Lugdunum,,genius,,,,,,,,,
genius_of_the_roman_people,Genius of the Roman People,,genius,,,,,,,,,
genius_of_the_senate,Genius of the Senate,,genius,,,,,,,,,
germania,Germania,,,,,,Germania,http://www.wikidata.org/entity/Q328257,,,,
graces,The Three Graces,charites,,,"Three minor goddesses of charm, beauty, nature, human creativity, and fertility: Aglaea (""Splendor""), Euphrosyne (""Good Cheer""), and Thalia (""Festivity"").",,The Three Graces,https://www.wikidata.org/wiki/Q11931734,,,,
hades,Hades,pluto,,,,Ruler of the underworld; brother of Zeus/Jupiter (q.v.) and husband of Persephone/Proserpine (q.v.).,,http://www.wikidata.org/entity/Q41410,http://collection.britishmuseum.org/id/person-institution/59809,http://nomisma.org/id/greek_numismatics,http://nomisma.org/id/roman_numismatics,
hadrian_divus,Hadrian Divus,,,,,,,,,,,
harpocrates,Harpocrates,,,,,,Harpocrates,http://www.wikidata.org/entity/Q787492,,,,
hecate,Hecate,,,,,"A chthonian goddess of both benign and terrible aspect; protector of warriors, athletes, hunters, herders and fishermen; associated with magic, witchcraft, lunar lore, predators and other nocturnal creatures, doorways and crossroads; her rites often featured dog sacrifices and illuminated cakes.",,http://www.wikidata.org/entity/Q131575,http://collection.britishmuseum.org/id/person-institution/58608,http://nomisma.org/id/greek_numismatics,http://nomisma.org/id/roman_numismatics,
helios,Helios,sol,,,,Sun god; sometimes associated with Apollo (q.v.). Use also for personifications of the sun.,,http://www.wikidata.org/entity/Q134270,http://collection.britishmuseum.org/id/person-institution/58616,http://nomisma.org/id/egyptian_numismatics,http://nomisma.org/id/greek_numismatics,http://nomisma.org/id/roman_numismatics
hephaistos,Hephaistos,vulcan,,,,"One of the twelve Olympian gods; god of fire and metal; lame son of Zeus/Jupiter (q.v.) and Hera/Juno (q.v.); cuckcolded husband of Aphrodite/Venus (q.v.); he forged the divine weapons of many gods and heroes and educated primitive men, teaching them the proper use of fire.",,http://www.wikidata.org/entity/Q44384,http://collection.britishmuseum.org/id/person-institution/58623,http://nomisma.org/id/greek_numismatics,http://nomisma.org/id/roman_numismatics,
hera,Hera,juno,,,,One of the twelve Olympian gods and chief goddess of the Greek and Roman pantheon; sister and consort of adulterous Zeus/Jupiter (q.v.); protector of women and patron deity of marriage and childbirth.,,http://www.wikidata.org/entity/Q38012,http://collection.britishmuseum.org/id/person-institution/58624,http://nomisma.org/id/greek_numismatics,http://nomisma.org/id/roman_numismatics,
herakles,Herakles,hercules,,,,Celebrated hero; particularly famed for the completion of the Twelve Labours imposed upon him by Eurystheus (q.v.); deified at death. Sometimes called Alcides (descendant of Alcaeus).,,http://www.wikidata.org/entity/Q122248,http://collection.britishmuseum.org/id/person-institution/58628,http://nomisma.org/id/greek_numismatics,http://nomisma.org/id/roman_numismatics,
hercules,Hercules,herakles,,,,,,http://www.wikidata.org/entity/Q240679,http://collection.britishmuseum.org/id/person-institution/58628,http://nomisma.org/id/roman_numismatics,,
hermanubis,Hermanubis,,,,"A god who combined Hermes (Greek mythology) with Anubis (Egyptian mythology). He is the son of Set and Nephthys, and was popular in Roman Egypt.",,Hermanubis,https://www.wikidata.org/wiki/Q2319713,,,,
hermes,Hermes,mercury,,,,"One of the twelve Olympian gods; patron deity of travellers and, subsequently, of commerce; also, sometimes, a trickster; son of Zeus/Jupiter (q.v.) amd Maia (q.v.); messenger of the gods and often a guide to mortals; protector of both shepherds and their flocks; later he became a personification of Eloquence and Reason; his image, the Herm, was often placed at roadsides to mark distances or boundaries. Specific manifestations include Hermes Psychopompos (as conductor of the souls of the dead). Use also for personifications of the planet.",,http://www.wikidata.org/entity/Q41484,http://collection.britishmuseum.org/id/person-institution/58637,http://nomisma.org/id/greek_numismatics,http://nomisma.org/id/roman_numismatics,
hestia,Hestia,vesta,,,"In Ancient Greek religion, Hestia (Greek: Ἑστία, ""hearth"" or ""fireside"") is the virgin goddess of the hearth, the right ordering of domesticity, the family, the home, and the state. In Greek mythology, she is the daughter and firstborn child of Kronos and Rhea.",,,http://www.wikidata.org/entity/Q41419,,,,
hilaritas,Hilaritas,,,,,,Hilaritas,http://www.wikidata.org/entity/Q11709783,,,,
hispania_personification,Hispania,,,,,,,,,,,
honos,Honos,,,,,"The Roman personification of honour, worshipped jointly with Virtus (q.v.) in a temple in Rome.",,http://www.wikidata.org/entity/Q290298,http://collection.britishmuseum.org/id/person-institution/92677,http://nomisma.org/id/roman_numismatics,,
horus,Horus,,,,,Falcon-god who has many manifestations; son of Osiris (q.v.) and Isis (q.v.); 'Lord of the Sky'; symbol of divine kingship recorded in inscriptions as Good God.,,http://www.wikidata.org/entity/Q84122,http://collection.britishmuseum.org/id/person-institution/53770,http://nomisma.org/id/egyptian_numismatics,http://nomisma.org/id/greek_numismatics,http://nomisma.org/id/roman_numismatics
hygieia,Hygieia,salus,,,,"Hygieia was the daughter of Asclepius (q.v.) and the deity and personification of health. The Roman goddess Salus came to be identified with Hygieia, encapsulating the safety and welfare of the state and the Emperor. Use also for the personification of Health in general.",,http://www.wikidata.org/entity/Q202257,http://collection.britishmuseum.org/id/person-institution/58668,http://nomisma.org/id/greek_numismatics,http://nomisma.org/id/roman_numismatics,
indulgentia,Indulgentia,,,,,The Roman personification of indulgence or mercy.,,,http://collection.britishmuseum.org/id/person-institution/178090,http://nomisma.org/id/roman_numismatics,,
isis,Isis,,,,,"Goddess of immense magical power and symbolic mother of the king; sister and consort of Osiris (q.v.); mother of Horus (q.v.). [The name can also occasionally refer to private individuals (e.g. daughters of various kings, or high priestesses of Amun) but it is not currently possible to distinguish them in the collections of the Department of Ancient Egypt and Sudan.] Titles/Epithets (recorded in inscriptions as) - God's Wife of Amun and King's Daughter.",,http://www.wikidata.org/entity/Q79876,http://collection.britishmuseum.org/id/person-institution/54025,http://nomisma.org/id/egyptian_numismatics,http://nomisma.org/id/greek_numismatics,http://nomisma.org/id/roman_numismatics
isis_pharia,Isis Pharia,,isis,,,,,,,,,
italia,Italia,,,,,,Italia Turrita,http://www.wikidata.org/entity/Q1576291,,,,
iustitia,Iustitia,,,,The Roman personification of moral force in judicial systems.,,Lady Justice,https://www.wikidata.org/wiki/Q1102307,,,,
iuventas,Iuventas,,,,"Goddess of the iuvenes the novi togati, or men of military age.",,Iuventas,https://www.wikidata.org/wiki/Q1367680,,,,
janus,Janus,,,,,The two-faced god of beginnings; guardian of doorways and gateways. N.B. The decorative feature referred to as a 'Janus face' is also recorded in the Description field in records for Oceanic objects where a face is shown on two sides.,,http://www.wikidata.org/entity/Q167685,http://collection.britishmuseum.org/id/person-institution/58896,http://nomisma.org/id/roman_numismatics,,
janus_quadrifons,Janus Quadrifons,,janus,,,,,,,,,
jucunditas,Jucunditas,,,,,,,,,,,
judaea,Judaea,,,,,,,,,,,
julus,Julus,,,,,,,,,,,
juno,Juno,hera,,,,,,http://www.wikidata.org/entity/Q125046,http://collection.britishmuseum.org/id/person-institution/58624,http://nomisma.org/id/roman_numismatics,,
juno_moneta,Juno Moneta,,juno,,,,,,,,,
juno_sospita,Juno Sospita,,juno,,,,,,,,,
jupiter,Jupiter,zeus,,,,,,http://www.wikidata.org/entity/Q4649,http://collection.britishmuseum.org/id/person-institution/58921,http://nomisma.org/id/roman_numismatics,,
jupiter_ammon,Jupiter Ammon,zeus_ammon,jupiter,,,,,http://www.wikidata.org/entity/Q3575327,http://collection.britishmuseum.org/id/person-institution/61143,http://nomisma.org/id/roman_numismatics,,
jupiter_karios,Jupiter Karios,,jupiter,,,,,,,,,
jupiter_lanrandeus,Jupiter Lanrandeus,,upiter,,,,,,,,,
justitia,Justitia,,,,,,Lady Justice,http://www.wikidata.org/entity/Q1102307,,,,
juventas,Juventas,,,,,Roman female representation of youthfulness appearing on coins. The legend is also used on coins to accompany a figure in military dress.,,http://www.wikidata.org/entity/Q1367680,http://collection.britishmuseum.org/id/person-institution/186067,http://nomisma.org/id/roman_numismatics,,
kronos,Kronos,saturn,,,,"Titan (q.v.) and agricultural deity ruling on earth during the Golden Age; he castrated and deposed his father, Uranus (q.v.); father of Zeus/Jupiter (q.v.), by whom he and his fellow Titans were subsequently overthrown; later sometimes identified as the personification of Time (q.v.). Also the personification of the planet Saturn.",,http://www.wikidata.org/entity/Q44204,http://collection.britishmuseum.org/id/person-institution/58996,http://nomisma.org/id/greek_numismatics,http://nomisma.org/id/roman_numismatics,
laetitia,Laetitia,,,,,,Laetitia,http://www.wikidata.org/entity/Q1246589,,,,
leda,Leda,,,,"An Aetolian princess who became a Spartan queen. She married king Tyndareus of Sparta and by him became the mother of Helen of Troy, Clytemnestra, and Castor and Pollux. She was admired by Zeus, who raped her in the guise of a swan.",,Leda,https://www.wikidata.org/wiki/Q19388487,,,,
liber,Liber,,,,,"Roman fertility god worshipped on the Aventine Hill in a triad with Ceres (q.v.) and Libera, his female counterpart. Sometimes associated with Dionysos/Bacchus (q.v.).",,http://www.wikidata.org/entity/Q1145491,http://collection.britishmuseum.org/id/person-institution/175498,http://nomisma.org/id/roman_numismatics,,
liberalitas,Liberalitas,,,,,Goddess or personification of plenty and largesse.,,http://www.wikidata.org/entity/Q3173852,http://collection.britishmuseum.org/id/person-institution/59099,http://nomisma.org/id/roman_numismatics,,
libertas,Libertas,Libertas,,,,"Goddess or personification of freedom; particularly, in ancient Rome, associated with the freedoms and rights of the ordinary citizen. Often shown carrying the cap of liberty on a staff.",,http://www.wikidata.org/entity/Q1415563,http://collection.britishmuseum.org/id/person-institution/59100,http://nomisma.org/id/roman_numismatics,,
libius_severus,Libius Severus,,,,,,,,,,,
libya_personification,Libya,,,,,,Lybie,http://www.wikidata.org/entity/Q6707122,,,,
livineius_regulus,Livineius Regulus,,,,,,Livineius Regulus,http://www.wikidata.org/entity/Q27587561,,,,
lucius_servius_sulpicius_rufus,Lucius Servius Sulpicius Rufus,,,,,,,,,,,
lucius_verus_divus,Lucius Verus Divus,,,,,,,,,,,
luna,Luna,selene,,,,,Luna,http://www.wikidata.org/entity/Q1235172,,,,
lunus,Lunus,,,Mensis,"A male representation of Luna, a moon deity worshipped primarily in Syria and Asia Minor. Also known as Mensis, he is typically depicted against a crescent and wears a Phrygian cap.",,,,,,,
lupa,Lupa,,,,,,She-wolf,http://www.wikidata.org/entity/Q28136294,,,,
macedonia_personification,Macedonia,,,,,,,,,,,
magna_mater,Magna Mater,,,,,,Magna Mater,http://www.wikidata.org/entity/Q1127735,,,,
maia,Maia,,,,,"The eldest of the Pleiades; daughter of Atlas (q.v.), mother of Hermes/Mercury (q.v.). Later identified with the Roman Maia Maiestas and associated with Vulcan. Depicted on coins of Domitian (q.v.).",,http://www.wikidata.org/entity/Q205233,http://collection.britishmuseum.org/id/person-institution/182064,http://nomisma.org/id/greek_numismatics,http://nomisma.org/id/roman_numismatics,
marcus_aurelius_divus,Marcus Aurelius Divus,,,,,,,,,,,
mars,Mars,ares,,,,,,http://www.wikidata.org/entity/Q112,http://collection.britishmuseum.org/id/person-institution/59284,http://nomisma.org/id/roman_numismatics,,
matidia,Matidia,,,,,,,,,,,
mauretania_personification,Mauretania,,,,,,,,,,,
medusa,Medusa,,,,,"The most famous of the three Gorgons; the mortal sister of Sthenno and Euryale; decapitated by Perseus (q.v.); at the moment of her death, Pegasus (q.v.) and Chrysaor (q.v.) sprung from her head.",,http://www.wikidata.org/entity/Q160730,http://collection.britishmuseum.org/id/person-institution/59294,http://nomisma.org/id/greek_numismatics,http://nomisma.org/id/roman_numismatics,
mens,Mens,,,,,"Roman personification of the concept of mind or understanding (sometimes as Bona Mens, 'good understanding'). A temple was dedicated to her in ancient Rome and she appears (rarely) on coins.",,http://www.wikidata.org/entity/Q1133048,http://collection.britishmuseum.org/id/person-institution/198685,http://nomisma.org/id/roman_numismatics,,
mercury,Mercury,hermes,,,,,,http://www.wikidata.org/entity/Q1150,http://collection.britishmuseum.org/id/person-institution/58637,http://nomisma.org/id/roman_numismatics,,
minerva,Minerva,athena,,,,,,http://www.wikidata.org/entity/Q126916,http://collection.britishmuseum.org/id/person-institution/57060,http://nomisma.org/id/roman_numismatics,,
moesia_personification,Moesia,,,,,,,,,,,
moneta,Moneta,,,,,"Roman personification of the mint, depicted on coins and weights. The mint was originally near the temple of Juno Moneta in Rome, from which it derived its name. Moneta is sometimes depicted in triplicate on medallions, representing the striking of gold, silver and bronze.",,http://www.wikidata.org/entity/Q1227721,http://collection.britishmuseum.org/id/person-institution/75120,http://nomisma.org/id/roman_numismatics,,
munificentia,Munificentia,,,,,,,,,,,
mutinus_titinus,Mutinus Titinus,,,,,,Mutunus Tutunus,http://www.wikidata.org/entity/Q1752057,,,,
nemesis,Nemesis,,,,,Goddess and personifcation of retribution.,,http://www.wikidata.org/entity/Q185747,http://collection.britishmuseum.org/id/person-institution/59551,http://nomisma.org/id/greek_numismatics,http://nomisma.org/id/roman_numismatics,
nepthys,Nepthys,,,,,,Nephthys,http://www.wikidata.org/entity/Q169040,,,,
neptune,Neptune,poseidon,,,,,,http://www.wikidata.org/entity/Q3954,http://collection.britishmuseum.org/id/person-institution/59828,http://nomisma.org/id/roman_numismatics,,
nicomedia_personification,Nicomedia,,,,,,,,,,,
nike,Nike,victory,,,,"Goddess and, more generally, personification of victory; messenger of the gods; she crowned victorious warriors, athletes and artists.",,http://www.wikidata.org/entity/Q165023,http://collection.britishmuseum.org/id/person-institution/60915,http://nomisma.org/id/greek_numismatics,http://nomisma.org/id/roman_numismatics,
nile,Nile,,,,,Personification of the River Nile.,,http://www.wikidata.org/entity/Q685243,http://collection.britishmuseum.org/id/person-institution/59564,http://nomisma.org/id/greek_numismatics,http://nomisma.org/id/roman_numismatics,
nilus,Nilus,hapi,,,,,Nilus,http://www.wikidata.org/entity/Q685243,http://collection.britishmuseum.org/id/person-institution/59564,,,
hapi,Hapi,nilus,,,,,,https://www.wikidata.org/wiki/Q32143,,http://nomisma.org/id/egyptian_numismatics,,
nobilitas,Nobilitas,,,,,,,,,,,
noricum_personification,Noricum,,,,,,,,,,,
numa_pompilius,Numa Pompilius,,,,,,Numa Pompilius,http://www.wikidata.org/entity/Q200031,,,,
nymph,Nymph,,,,"A divine spirit who animates or maintains Nature (natural forces reified and considered as a sentient being) for the environments where they live. Usually depicted as beautiful, young graceful maidens.",,Nymph,https://www.wikidata.org/wiki/Q373916,,,,
oceanus,Oceanus,,,,,,Oceanus,http://www.wikidata.org/entity/Q161419,,,,
odysseus,Odysseus,,,,,,Odysseus,http://www.wikidata.org/entity/Q47231,,,,
ops,Ops,rhea,,,,,,http://www.wikidata.org/entity/Q859392,http://collection.britishmuseum.org/id/person-institution/132605,http://nomisma.org/id/roman_numismatics,,
orontes_personification,Orontes,,,,,Personification of the River Orontes.,,,http://collection.britishmuseum.org/id/person-institution/59671,http://nomisma.org/id/greek_numismatics,http://nomisma.org/id/roman_numismatics,
osiris,Osiris,,,,"God of fertility, alcohol, agriculture, the afterlife, the dead, resurrection, life, and vegetation in ancient Egyptian religion. He was classically depicted as a green-skinned deity with a pharaoh's beard, partially mummy-wrapped at the legs, wearing a distinctive atef crown, and holding a symbolic crook and flail.",,Osiris,https://www.wikidata.org/wiki/Q46491,,,,
pan,Pan,faunus,,,,"God of shepherds, huntsmen and all inhabitants of the country; half-man half-goat; inventor of the flute. A related rustic divinity, Opaon Melanthios, sometimes associated with Apollo as a god of healing, is also depicted with similar iconography.",,http://www.wikidata.org/entity/Q132582,http://collection.britishmuseum.org/id/person-institution/59726,http://nomisma.org/id/greek_numismatics,http://nomisma.org/id/roman_numismatics,
pannonia_personification,Pannonia,,,,,,,,,,,
parcae,Parcae,,fates,,,,Parcae,http://www.wikidata.org/entity/Q370547,,,,
parthia_personification,Parthia,,,,,,,,,,,
patientia,Patientia,,,,,,Patientia,http://www.wikidata.org/entity/Q43267799,,,,
pax,Pax,,,,,"The personification of peace. Also a Roman deity, probably recognised as a deity for the first time by the emperor Augustus.",,http://www.wikidata.org/entity/Q1132674,http://collection.britishmuseum.org/id/person-institution/76227,http://nomisma.org/id/greek_numismatics,http://nomisma.org/id/roman_numismatics,
pegasus,Pegasus,,,,,"Winged horse; he sprung from the blood of the Medusa (q.v.) when Perseus (q.v.) decapitated her; the mount of Perseus (q.v.), when he rescued Andromeda (q.v.), and of Bellerophon (q.v.), when he killed the Chimaera (q.v.); he caused the the Hippocrene spring to gush forth with a stamp of his hoof upon a rock.",Pegasus,http://www.wikidata.org/entity/Q162797,http://collection.britishmuseum.org/id/person-institution/59743,http://nomisma.org/id/greek_numismatics,http://nomisma.org/id/roman_numismatics,
perpetuitas,Perpetuitas,,,,,Roman personification of perpetuity.,,,http://collection.britishmuseum.org/id/person-institution/169677,http://nomisma.org/id/roman_numismatics,,
persephone,Persephone,proserpina,,,,Daughter of Demeter/Ceres (q.v.); carried away by Hades/Pluto (q.v.) to be his wife and queen of the underworld.,,http://www.wikidata.org/entity/Q45967,http://collection.britishmuseum.org/id/person-institution/59758,http://nomisma.org/id/greek_numismatics,http://nomisma.org/id/roman_numismatics,
perseus,Perseus,,,,,"Son of Zeus/Jupiter (q.v.) and Danae (q.v.); hero, his deeds included the killing of the Gorgon, Medusa (q.v.), and the rescue of Andromeda (q.v.).",,http://www.wikidata.org/entity/Q130832,http://collection.britishmuseum.org/id/person-institution/59759,http://nomisma.org/id/greek_numismatics,http://nomisma.org/id/roman_numismatics,
phoenicia_personification,Phoenicia,,,,,,,,,,,
phrygia_personification,Phrygia,,,,,,,,,,,
pietas,Pietas,,,,,,Pietas,http://www.wikidata.org/entity/Q2643299,,,,
piety,Piety,,,,,Personification of piety and Roman goddess of duty and devotion (as Pietas).,,http://www.wikidata.org/entity/Q2643299,http://collection.britishmuseum.org/id/person-institution/59792,http://nomisma.org/id/roman_numismatics,,
pluto,Pluto,hades,,,,,,http://www.wikidata.org/entity/Q152262,http://collection.britishmuseum.org/id/person-institution/59809,http://nomisma.org/id/roman_numismatics,,
pollux,Pollux,polydeuces,dioscuri,,,,,,,,,
poseidon,Poseidon,neptune,,,,One of the twelve Olympian gods; brother of Zeus/Jupiter (q.v.); god of the sea and its inhabitants; protector of sailors; god and creator of horses.,,http://www.wikidata.org/entity/Q41127,http://collection.britishmuseum.org/id/person-institution/59828,http://nomisma.org/id/greek_numismatics,http://nomisma.org/id/roman_numismatics,
priapus,Priapus,,,,"Rustic fertility god, protector of livestock, fruit plants, gardens and male genitalia. Priapus is marked by his oversized, permanent erection, which gave rise to the medical term priapism.",,Priapus,https://www.wikidata.org/wiki/Q206878,,,,
proserpina,Proserpina,persephone,,,,,,http://www.wikidata.org/entity/Q14515330,http://collection.britishmuseum.org/id/person-institution/59758,http://nomisma.org/id/roman_numismatics,,
providentia,Providentia,,,,,Personification of foresight; goddess of an official cult celebrating the imperial family's protection and care for the state.,,http://www.wikidata.org/entity/Q591826,http://collection.britishmuseum.org/id/person-institution/59843,http://nomisma.org/id/roman_numismatics,,
pudicitia,Pudicitia,,,,,Goddess who presided over chastity.,,http://www.wikidata.org/entity/Q2117350,http://collection.britishmuseum.org/id/person-institution/132743,http://nomisma.org/id/roman_numismatics,,
quies,Quies,,,,,,,,,,,
ravenna_personification,Ravenna,,,,,,,,,,,
remus,Remus,,,,,"Son of Mars (q.v.) and Rhea Silvia (q.v.); mythological founder, with his twin brother Romulus (q.v.), of Rome.",,http://www.wikidata.org/entity/Q1242632,http://collection.britishmuseum.org/id/person-institution/60203,http://nomisma.org/id/roman_numismatics,,
res_publica_personification,Res Publica,,,,,,Roman Republic,http://www.wikidata.org/entity/Q17167,,,,
rhea,Rhea,ops,,,,Goddess; wife of Cronos/Saturn (q.v.); mother of Zeus/Jupiter (q.v.),,http://www.wikidata.org/entity/Q108419,http://collection.britishmuseum.org/id/person-institution/132605,http://nomisma.org/id/greek_numismatics,http://nomisma.org/id/roman_numismatics,
rhea_silvia,Rhea Silvia,,,,,A vestal virgin and mother of Romulus (q.v.) and Remus (q.v.) by Mars (q.v.); later married to river god Tiberinus.,,http://www.wikidata.org/entity/Q219936,http://collection.britishmuseum.org/id/person-institution/60206,http://nomisma.org/id/greek_numismatics,http://nomisma.org/id/roman_numismatics,
rhenus,Rhenus,,,,,,Rhenus Pater,http://www.wikidata.org/entity/Q1295929,,,,
rhine,Rhine,,,,,,Rhenus Pater,http://www.wikidata.org/entity/Q1295929,,,,
roma,Roma,,,,,Goddess and personification of the city of Rome.,,http://www.wikidata.org/entity/Q953033,http://collection.britishmuseum.org/id/person-institution/60208,http://nomisma.org/id/roman_numismatics,,
roma_victrix,Roma Victrix,,roma,,,,,,,,,
romulus,Romulus,,,,,"Son of Mars (q.v.) and Rhea Silvia (q.v.); mythological founder, with his twin brother Remus, of Rome. Abandoned as infants, they were suckled by a wolf, before being found on the banks of the Tiber. Later instigated the Rape of the Sabine Women in order to populate the new city.",,http://www.wikidata.org/entity/Q2186,http://collection.britishmuseum.org/id/person-institution/60209,http://nomisma.org/id/roman_numismatics,,
saeculum_frugiferum,Saeculum Frugiferum,,,,,"Personification of the Fertility of the Age. An African god with the Greek name of Aion Karpophoros and the patron deity of Hadrumetum, depicted on Roman coins of the Severan period.",,http://www.wikidata.org/entity/Q164846,http://collection.britishmuseum.org/id/person-institution/188366,http://nomisma.org/id/greek_numismatics,http://nomisma.org/id/roman_numismatics,
salus,Salus,hygieia,,,,,,http://www.wikidata.org/entity/Q282628,http://collection.britishmuseum.org/id/person-institution/58668,http://nomisma.org/id/roman_numismatics,,
salus_augusta,Salus Augusta,,salus,,,,,,,,,
sarmatia_personification,Sarmatia,,,,,,,,,,,
saturn,Saturn,kronos,,,,,,http://www.wikidata.org/entity/Q134388,http://collection.britishmuseum.org/id/person-institution/58996,http://nomisma.org/id/roman_numismatics,,
savus,Savus,,,,,,,,,,,
scylla,Scylla,,,,,,Scylla,http://www.wikidata.org/entity/Q193115,,,,
scythia_personification,Scythia,,,,,,,,,,,
securitas,Securitas,,,,,The personification of security.,,http://www.wikidata.org/entity/Q14524392,http://collection.britishmuseum.org/id/person-institution/98260,http://nomisma.org/id/roman_numismatics,,
selene,Selene,luna,,,,,,,,,,
serapis,Serapis,sarapis,,,,"Syncretic Egyptian and Hellenistic deity, combining the attributes of the gods Osiris (q.v.) and Apis (q.v.), his cult was associated with life after death and agricultural fecundity; subsequently conflated with many deities of the Greek pantheon: Zeus (q.v.); Hades (q.v.); Dionysos (q.v.); Helios (q.v.); Asclepius (q.v.).",,http://www.wikidata.org/entity/Q214554,http://collection.britishmuseum.org/id/person-institution/60374,http://nomisma.org/id/egyptian_numismatics,http://nomisma.org/id/greek_numismatics,http://nomisma.org/id/roman_numismatics
she-wolf,She-Wolf,,,,,,She-wolf,http://www.wikidata.org/entity/Q28136294,,,,
sicilia_personification,Sicilia,,,,,,,,,,,
silenos,Silenos,satyr,,,,A rural god and chief follower of Dionysos/Bacchus (q.v.).,Silenus,http://www.wikidata.org/entity/Q464091,http://collection.britishmuseum.org/id/person-institution/60385,http://nomisma.org/id/greek_numismatics,http://nomisma.org/id/roman_numismatics,
silenus,Silenus,,,,,,Silenus,http://www.wikidata.org/entity/Q464091,,,,
silvanus,Silvanus,,,,Roman tutelary deity of woods and fields.,,Silvanus,https://www.wikidata.org/wiki/Q17565188,,,,
siscia_personification,Siscia,,,,,,,,,,,
sol,Sol,helios,,,,,,http://www.wikidata.org/entity/Q1199937,http://collection.britishmuseum.org/id/person-institution/58616,http://nomisma.org/id/roman_numismatics,,
sol_invictus,Sol Invictus,,sol,,,,Sol Invictus,http://www.wikidata.org/entity/Q214494,,,,
sothis,Sothis,,,,,,Sopdet,http://www.wikidata.org/entity/Q930167,,,,
spes,Spes,,,,,"A deity and personification of hope; particularly associated with the safety of the younger generation and, later, specifically associated with the imperial succession. Can be equated with the Greek deity Elpis.",,http://www.wikidata.org/entity/Q1482478,http://collection.britishmuseum.org/id/person-institution/58658,http://nomisma.org/id/roman_numismatics,,
syria_personification,Syria,,,,,,,,,,,
tarpeia,Tarpeia,,,,,"Tarpeia, in Roman legend, a Roman woman who betrayed her city to the Sabines for what they wore on their left arms (their gold bracelets). As they entered Rome they crushed her under a mound of shields, which they also wore on their left arms. The Tarpeian rock at Rome, from which criminals were thrown to death, bears her name.",,http://www.wikidata.org/entity/Q684439,http://collection.britishmuseum.org/id/person-institution/145004,http://nomisma.org/id/roman_numismatics,,
telesphoros,Telesphoros,,,,,Youthful god of healing.,,http://www.wikidata.org/entity/Q1294659,http://collection.britishmuseum.org/id/person-institution/60691,http://nomisma.org/id/greek_numismatics,http://nomisma.org/id/roman_numismatics,
telesphorus,Telesphorus,,,,,,Telesphorus,http://www.wikidata.org/entity/Q1294659,,,,
tellus,Tellus,,,,,Earth-goddess and patron of the place of cultivation.,,http://www.wikidata.org/entity/Q270867,http://collection.britishmuseum.org/id/person-institution/60692,http://nomisma.org/id/roman_numismatics,,
tempus,Tempus,caerus,,,,,,,,,,
terra,Terra,,,,,,Terra,http://www.wikidata.org/entity/Q270867,,,,
thanatos,Thanatos,Mors,,,The Greek personification of death.,,Thanatos,https://www.wikidata.org/wiki/Q199647,,,,
the_orient,The Orient,,,,,,,,,,,
thracia,Thracia,,,,"Three minor goddesses of charm, beauty, nature, human creativity, and fertility: Aglaea (""Splendor""), Euphrosyne (""Good Cheer""), and Thalia (""Festivity"").",,,,,,,
three_graces,Three Graces,,,,,,Charites,http://www.wikidata.org/entity/Q184353,,,,
three_moneta,Three Moneta,,,,,,,,,,,
tiber,Tiber,,,,,Male personification of the River Tiber. Usually represented as a bearded river god resting on an amphora.,Tiberinus,http://www.wikidata.org/entity/Q937512,http://collection.britishmuseum.org/id/person-institution/159682,http://nomisma.org/id/roman_numismatics,,
tigris,Tigris,,,,,,,,,,,
tranquilitas,Tranquilitas,,,,,,,,,,,
tres_monetae,Tres Monetae,,,,,,,,,,,
triton,Triton,,,,,Half-man and half-fish; son of Poseidon/Neptune (q.v.) and Amphitrite (q.v.); also generic name for such mythological figures.,,http://www.wikidata.org/entity/Q148030,http://collection.britishmuseum.org/id/person-institution/60755,http://nomisma.org/id/greek_numismatics,http://nomisma.org/id/roman_numismatics,
tutela,Tutela,,,,,Protective deity of Gaulish origin.,,http://www.wikidata.org/entity/Q6154076,http://collection.britishmuseum.org/id/person-institution/60762,http://nomisma.org/id/gallic_numismatics,http://nomisma.org/id/roman_numismatics,
tyche,Tyche,fortuna,,,,"Goddess of chance, fate, luck and fortune. Also a city goddess, usually depicted with a mural crown.",,http://www.wikidata.org/entity/Q213440,http://collection.britishmuseum.org/id/person-institution/58260,http://nomisma.org/id/greek_numismatics,http://nomisma.org/id/roman_numismatics,
uberitas,Uberitas,,,,,,Ubertas,http://www.wikidata.org/entity/Q1365338,,,,
ubertas,Ubertas,,,,,,Ubertas,http://www.wikidata.org/entity/Q1365338,,,,
utilitas,Utilitas,,,,,,,,,,,
valeria_luperca,Valeria Luperca,,,,,,Valeria Luperca,http://www.wikidata.org/entity/Q4007798,,,,
venus,Venus,aphrodite,,,,,,http://www.wikidata.org/entity/Q47652,http://collection.britishmuseum.org/id/person-institution/56979,http://nomisma.org/id/roman_numismatics,,
venus_aphrodisias,Venus Aphrodisias,,venus,,,,,,,,,
venus_felix,Venus Felix,,venus,,,,Venus,http://www.wikidata.org/entity/Q47652,,,,
venus_fortuna,Venus Fortuna,,venus,,,,,,,,,
venus_genetrix,Venus Genetrix,,venus,,,,,,,,,
vesta,Vesta,hestia,,,,"Goddess of the hearth and, more generally, of fire; her cult both expressed and guaranteed Rome's permanence; patron goddess of the Vestals. Often identified with the Greek deity Hestia (q.v.).",,http://www.wikidata.org/entity/Q178710,http://collection.britishmuseum.org/id/person-institution/60911,http://nomisma.org/id/roman_numismatics,,
via_trajana_personification,Via Trajana,,,,,,,,,,,
victory,Victory,nike,,,,,,http://www.wikidata.org/entity/Q308902,http://collection.britishmuseum.org/id/person-institution/60915,http://nomisma.org/id/roman_numismatics,,
virtus,Virtus,,,,,"The personification of courage or valour. (Note: although Virtus should properly be depicted as a Roma-like female figure, the concept of Virtus is often symbolised by Mars)",,http://www.wikidata.org/entity/Q582177,http://collection.britishmuseum.org/id/person-institution/80685,http://nomisma.org/id/roman_numismatics,,
vulcan,Vulcan,hephaistos,,,,,,http://www.wikidata.org/entity/Q4640,http://collection.britishmuseum.org/id/person-institution/58623,http://nomisma.org/id/roman_numismatics,,
zeus,Zeus,jupiter,,,,"One of the twelve Olympian gods and chief god of the Roman pantheon; specifically a god of the sky, he embodied all the benign and vengeful powers and functions of divinity; he led the other Olympian gods in their overthrow of the Titans (q.v.) and, as the husband of Hera/Juno (q.v.), is particularly known for his many infidelities. Includes the specific manifestations Jupiter Tonans ('Lightning Jupiter'), Zeus Keraunios ('The Thunderer') and Zeus Horkios (God of Oaths). Also includes the manifestation Zeus/Jupiter Dolichenus, originating in eastern Turkey. The term is also used for the personification of the planet. For depictions of the actual planet, see the Place Thesaurus.",,http://www.wikidata.org/entity/Q34201,http://collection.britishmuseum.org/id/person-institution/58921,http://nomisma.org/id/greek_numismatics,http://nomisma.org/id/roman_numismatics,
zeus_ammon,Zeus Ammon,jupiter_ammon,zeus,,,"Syncretic deity, combining the attributes of the gods Zeus/Jupiter (q.v.) and Amun (q.v.).",,http://www.wikidata.org/entity/Q3575327,http://collection.britishmuseum.org/id/person-institution/61143,http://nomisma.org/id/egyptian_numismatics,http://nomisma.org/id/greek_numismatics,http://nomisma.org/id/roman_numismatics